1,VDD0,1,,,,,
2,N/C,,,,,,
3,VSS0,2,,,,,
4,N/C,,,,,,
5,AC_IN[11],3,,,,,
6,N/C,,,,,,
7,N/C,,,,,,
8,AC_IN[10],4,,,,,
9,N/C,,,,,,
10,N/C,,,,,,
11,N/C,,,,,,
12,AC_IN[9],5,,,,,
13,N/C,,,,,,
14,N/C,,,,,,
15,N/C,,,,,,
16,AC_IN[8],6,,,,,
17,N/C,,,,,,
18,N/C,,,,,,
19,N/C,,,,,,
20,N/C,,,,,,
21,AC_IN[7],7,,,,,
22,N/C,,,,,,
23,N/C,,,,,,
24,N/C,,,,,,
25,AC_IN[6],8,,,,,
26,N/C,,,,,,
27,N/C,,,,,,
28,N/C,,,,,,
29,AC_IN[5],9,,,,,
30,N/C,,,,,,
31,N/C,,,,,,
32,N/C,,,,,,
33,N/C,,,,,,
34,AC_IN[4],10,,,,,
35,N/C,,,,,,
36,N/C,,,,,,
37,N/C,,,,,,
38,VDD,11,,,,,
39,N/C,,,,,,
40,N/C,,,,,,
41,N/C,,,,,,
42,VSS,12,,,,,
43,N/C,,,,,,
44,N/C,,,,,,
45,N/C,,,,,,
46,N/C,,,,,,
47,AC_IN[3],13,,,,,
48,N/C,,,,,,
49,N/C,,,,,,
50,N/C,,,,,,
51,AC_IN[2],14,,,,,
52,N/C,,,,,,
53,N/C,,,,,,
54,N/C,,,,,,
55,AC_IN[1],15,,,,,
56,N/C,,,,,,
57,N/C,,,,,,
58,N/C,,,,,,
59,N/C,,,,,,
60,AC_IN[0],16,,,,,
61,N/C,,,,,,
62,N/C,,,,,,
63,N/C,,,,,,
64,,17,,,,,
65,N/C,,,,,,
66,N/C,,,,,,
67,N/C,,,,,,
68,AC_OUT[11],18,,,,,
69,N/C,,,,,,
70,N/C,,,,,,
71,N/C,,,,,,
72,N/C,,,,,,
73,AC_OUT[10],19,,,,,
74,N/C,,,,,,
75,N/C,,,,,,
76,N/C,,,,,,
77,AC_OUT[9],20,,,,,
78,N/C,,,,,,
79,N/C,,,,,,
80,N/C,,,,,,
81,VDD0,21,,,,,
82,N/C,,,,,,
83,N/C,,,,,,
84,N/C,,,,,,
85,N/C,,,,,,
86,VSS0,22,,,,,
87,N/C,,,,,,
88,N/C,,,,,,
89,N/C,,,,,,
90,AC_OUT[8],23,,,,,
91,N/C,,,,,,
92,N/C,,,,,,
93,N/C,,,,,,
94,AC_OUT[7],24,,,,,
95,N/C,,,,,,
96,N/C,,,,,,
97,N/C,,,,,,
98,N/C,,,,,,
99,AC_OUT[6],25,,,,,
100,N/C,,,,,,
101,N/C,,,,,,
102,N/C,,,,,,
103,AC_OUT[5],26,,,,,
104,N/C,,,,,,
105,N/C,,,,,,
106,N/C,,,,,,
107,AC_OUT[4],27,,,,,
108,N/C,,,,,,
109,N/C,,,,,,
110,N/C,,,,,,
111,AC_OUT[3],28,,,,,
112,N/C,,,,,,
113,N/C,,,,,,
114,N/C,,,,,,
115,N/C,,,,,,
116,AC_OUT[2],29,,,,,
117,N/C,,,,,,
118,N/C,,,,,,
119,N/C,,,,,,
120,AC_OUT[1],30,,,,,
121,N/C,,,,,,
122,N/C,,,,,,
123,N/C,,,,,,
124,VSS,31,,,,,
125,N/C,,,,,,
126,N/C,,,,,,
127,N/C,,,,,,
128,N/C,,,,,,
129,VDD,32,,,,,
130,N/C,,,,,,
131,N/C,,,,,,
132,N/C,,,,,,
133,AC_OUT[0],33,,,,,
134,N/C,,,,,,
135,N/C,,,,,,
136,N/C,,,,,,
137,AC_LD,34,,,,,
138,N/C,,,,,,
139,N/C,,,,,,
140,N/C,,,,,,
141,N/C,,,,,,
142,AC_CLK,35,,,,,
143,N/C,,,,,,
144,N/C,,,,,,
145,N/C,,,,,,
146,AC_RST,36,,,,,
147,N/C,,,,,,
148,N/C,,,,,,
149,N/C,,,,,,
150,,37,,,,,
151,N/C,,,,,,
152,N/C,,,,,,
153,N/C,,,,,,
154,N/C,,,,,,
155,,38,,,,,
156,N/C,,,,,,
157,N/C,,,,,,
158,N/C,,,,,,
159,,39,,,,,
160,N/C,,,,,,
161,N/C,,,,,,
162,N/C,,,,,,
163,,40,,,,,
164,N/C,,,,,,
165,N/C,,,,,,
166,N/C,,,,,,
167,N/C,,,,,,
168,VSS0,41,,,,,
169,N/C,,,,,,
170,N/C,,,,,,
171,N/C,,,,,,
172,VDD0,42,,,,,
173,N/C,,,,,,
174,N/C,,,,,,
175,N/C,,,,,,
176,,43,,,,,
177,N/C,,,,,,
178,N/C,,,,,,
179,N/C,,,,,,
180,N/C,,,,,,
181,,44,,,,,
182,N/C,,,,,,
183,N/C,,,,,,
184,N/C,,,,,,
185,,45,,,,,
186,N/C,,,,,,
187,N/C,,,,,,
188,N/C,,,,,,
189,,46,,,,,
190,N/C,,,,,,
191,N/C,,,,,,
192,N/C,,,,,,
193,N/C,,,,,,
194,,47,,,,,
195,N/C,,,,,,
196,N/C,,,,,,
197,N/C,,,,,,
198,,48,,,,,
199,N/C,,,,,,
200,N/C,,,,,,
201,N/C,,,,,,
202,,49,,,,,
203,N/C,,,,,,
204,N/C,,,,,,
205,,50,,,,,
206,N/C,,,,,,
207,VSS,51,,,,,
208,N/C,,,,,,
209,VDD,52,,,,,
210,VDD0,53,,,,,
211,N/C,,,,,,
212,VSS0,54,,,,,
213,N/C,,,,,,
214,,55,,,,,
215,N/C,,,,,,
216,N/C,,,,,,
217,,56,,,,,
218,N/C,,,,,,
219,N/C,,,,,,
220,N/C,,,,,,
221,,57,,,,,
222,N/C,,,,,,
223,N/C,,,,,,
224,N/C,,,,,,
225,,58,,,,,
226,N/C,,,,,,
227,N/C,,,,,,
228,N/C,,,,,,
229,N/C,,,,,,
230,,59,,,,,
231,N/C,,,,,,
232,N/C,,,,,,
233,N/C,,,,,,
234,,60,,,,,
235,N/C,,,,,,
236,N/C,,,,,,
237,N/C,,,,,,
238,,61,,,,,
239,N/C,,,,,,
240,N/C,,,,,,
241,N/C,,,,,,
242,N/C,,,,,,
243,,62,,,,,
244,N/C,,,,,,
245,N/C,,,,,,
246,N/C,,,,,,
247,VDD,63,,,,,
248,N/C,,,,,,
249,N/C,,,,,,
250,N/C,,,,,,
251,VSS,64,,,,,
252,N/C,,,,,,
253,N/C,,,,,,
254,N/C,,,,,,
255,N/C,,,,,,
256,,65,,,,,
257,N/C,,,,,,
258,N/C,,,,,,
259,N/C,,,,,,
260,ADDERFFA[7],66,,,,,
261,N/C,,,,,,
262,N/C,,,,,,
263,N/C,,,,,,
264,ADDERFFA[6],67,,,,,
265,N/C,,,,,,
266,N/C,,,,,,
267,N/C,,,,,,
268,N/C,,,,,,
269,ADDERFFA[5],68,,,,,
270,N/C,,,,,,
271,N/C,,,,,,
272,N/C,,,,,,
273,ADDERFFA[4],69,,,,,
274,N/C,,,,,,
275,N/C,,,,,,
276,N/C,,,,,,
277,ADDERFFA[3],70,,,,,
278,N/C,,,,,,
279,N/C,,,,,,
280,N/C,,,,,,
281,N/C,,,,,,
282,ADDERFFA[2],71,,,,,
283,N/C,,,,,,
284,N/C,,,,,,
285,N/C,,,,,,
286,ADDERFFA[1],72,,,,,
287,N/C,,,,,,
288,N/C,,,,,,
289,N/C,,,,,,
290,VDD0,73,,,,,
291,N/C,,,,,,
292,N/C,,,,,,
293,N/C,,,,,,
294,N/C,,,,,,
295,VSS0,74,,,,,
296,N/C,,,,,,
297,N/C,,,,,,
298,N/C,,,,,,
299,ADDERFFA[0],75,,,,,
300,N/C,,,,,,
301,N/C,,,,,,
302,N/C,,,,,,
303,ADDERFFB[7],76,,,,,
304,N/C,,,,,,
305,N/C,,,,,,
306,N/C,,,,,,
307,N/C,,,,,,
308,ADDERFFB[6],77,,,,,
309,N/C,,,,,,
310,N/C,,,,,,
311,N/C,,,,,,
312,ADDERFFB[5],78,,,,,
313,N/C,,,,,,
314,N/C,,,,,,
315,N/C,,,,,,
316,ADDERFFB[4],79,,,,,
317,N/C,,,,,,
318,N/C,,,,,,
319,N/C,,,,,,
320,ADDERFFB[3],80,,,,,
321,N/C,,,,,,
322,N/C,,,,,,
323,N/C,,,,,,
324,N/C,,,,,,
325,ADDERFFB[2],81,,,,,
326,N/C,,,,,,
327,N/C,,,,,,
328,N/C,,,,,,
329,ADDERFFB[1],82,,,,,
330,N/C,,,,,,
331,N/C,,,,,,
332,N/C,,,,,,
333,VSS,83,,,,,
334,N/C,,,,,,
335,N/C,,,,,,
336,N/C,,,,,,
337,N/C,,,,,,
338,VDD,84,,,,,
339,N/C,,,,,,
340,N/C,,,,,,
341,N/C,,,,,,
342,ADDERFFB[0],85,,,,,
343,N/C,,,,,,
344,N/C,,,,,,
345,N/C,,,,,,
346,ADDERFFC[0],86,,,,,
347,N/C,,,,,,
348,N/C,,,,,,
349,N/C,,,,,,
350,N/C,,,,,,
351,ADDERFFC[1],87,,,,,
352,N/C,,,,,,
353,N/C,,,,,,
354,N/C,,,,,,
355,ADDERFFC[2],88,,,,,
356,N/C,,,,,,
357,N/C,,,,,,
358,N/C,,,,,,
359,ADDERFFC[3],89,,,,,
360,N/C,,,,,,
361,N/C,,,,,,
362,N/C,,,,,,
363,N/C,,,,,,
364,ADDERFFC[4],90,,,,,
365,N/C,,,,,,
366,N/C,,,,,,
367,N/C,,,,,,
368,ADDERFFC[5],91,,,,,
369,N/C,,,,,,
370,N/C,,,,,,
371,N/C,,,,,,
372,ADDERFFC[6],92,,,,,
373,N/C,,,,,,
374,N/C,,,,,,
375,N/C,,,,,,
376,N/C,,,,,,
377,VSS0,93,,,,,
378,N/C,,,,,,
379,N/C,,,,,,
380,N/C,,,,,,
381,VDD0,94,,,,,
382,N/C,,,,,,
383,N/C,,,,,,
384,N/C,,,,,,
385,ADDERFFC[7],95,,,,,
386,N/C,,,,,,
387,N/C,,,,,,
388,N/C,,,,,,
389,N/C,,,,,,
390,ADDERFFC[8],96,,,,,
391,N/C,,,,,,
392,N/C,,,,,,
393,N/C,,,,,,
394,,97,,,,,
395,N/C,,,,,,
396,N/C,,,,,,
397,N/C,,,,,,
398,ACLK,98,,,,,
399,N/C,,,,,,
400,N/C,,,,,,
401,N/C,,,,,,
402,N/C,,,,,,
403,ARST,99,,,,,
404,N/C,,,,,,
405,N/C,,,,,,
406,N/C,,,,,,
407,,100,,,,,
408,N/C,,,,,,
409,N/C,,,,,,
410,N/C,,,,,,
411,RST,101,,,,,
412,N/C,,,,,,
413,N/C,,,,,,
414,CLK,102,,,,,
415,N/C,,,,,,
416,VSS,103,,,,,
417,N/C,,,,,,
418,VDD,104,,,,,
419,VDD0,105,,,,,
420,N/C,,,,,,
421,VSS0,106,,,,,
422,N/C,,,,,,
423,FUNC[0],107,,,,,
424,N/C,,,,,,
425,N/C,,,,,,
426,FUNC[1],108,,,,,
427,N/C,,,,,,
428,N/C,,,,,,
429,N/C,,,,,,
430,FUNC[2],109,,,,,
431,N/C,,,,,,
432,N/C,,,,,,
433,N/C,,,,,,
434,FUNC[3],110,,,,,
435,N/C,,,,,,
436,N/C,,,,,,
437,N/C,,,,,,
438,N/C,,,,,,
439,B[0],111,,,,,
440,N/C,,,,,,
441,N/C,,,,,,
442,N/C,,,,,,
443,B[1],112,,,,,
444,N/C,,,,,,
445,N/C,,,,,,
446,N/C,,,,,,
447,B[2],113,,,,,
448,N/C,,,,,,
449,N/C,,,,,,
450,N/C,,,,,,
451,N/C,,,,,,
452,B[3],114,,,,,
453,N/C,,,,,,
454,N/C,,,,,,
455,N/C,,,,,,
456,VDD,115,,,,,
457,N/C,,,,,,
458,N/C,,,,,,
459,N/C,,,,,,
460,VSS,116,,,,,
461,N/C,,,,,,
462,N/C,,,,,,
463,N/C,,,,,,
464,N/C,,,,,,
465,B[4],117,,,,,
466,N/C,,,,,,
467,N/C,,,,,,
468,N/C,,,,,,
469,B[5],118,,,,,
470,N/C,,,,,,
471,N/C,,,,,,
472,N/C,,,,,,
473,B[6],119,,,,,
474,N/C,,,,,,
475,N/C,,,,,,
476,N/C,,,,,,
477,N/C,,,,,,
478,B[7],120,,,,,
479,N/C,,,,,,
480,N/C,,,,,,
481,N/C,,,,,,
482,A[0],121,,,,,
483,N/C,,,,,,
484,N/C,,,,,,
485,N/C,,,,,,
486,A[1],122,,,,,
487,N/C,,,,,,
488,N/C,,,,,,
489,N/C,,,,,,
490,N/C,,,,,,
491,A[2],123,,,,,
492,N/C,,,,,,
493,N/C,,,,,,
494,N/C,,,,,,
495,A[3],124,,,,,
496,N/C,,,,,,
497,N/C,,,,,,
498,N/C,,,,,,
499,VDD0,125,,,,,
500,N/C,,,,,,
501,N/C,,,,,,
502,N/C,,,,,,
503,N/C,,,,,,
504,VSS0,126,,,,,
505,N/C,,,,,,
506,N/C,,,,,,
507,N/C,,,,,,
508,A[4],127,,,,,
509,N/C,,,,,,
510,N/C,,,,,,
511,N/C,,,,,,
512,A[5],128,,,,,
513,N/C,,,,,,
514,N/C,,,,,,
515,N/C,,,,,,
516,N/C,,,,,,
517,A[6],129,,,,,
518,N/C,,,,,,
519,N/C,,,,,,
520,N/C,,,,,,
521,A[7],130,,,,,
522,N/C,,,,,,
523,N/C,,,,,,
524,N/C,,,,,,
525,OUT[0],131,,,,,
526,N/C,,,,,,
527,N/C,,,,,,
528,N/C,,,,,,
529,OUT[1],132,,,,,
530,N/C,,,,,,
531,N/C,,,,,,
532,N/C,,,,,,
533,N/C,,,,,,
534,OUT[2],133,,,,,
535,N/C,,,,,,
536,N/C,,,,,,
537,N/C,,,,,,
538,OUT[3],134,,,,,
539,N/C,,,,,,
540,N/C,,,,,,
541,N/C,,,,,,
542,VSS,135,,,,,
543,N/C,,,,,,
544,N/C,,,,,,
545,N/C,,,,,,
546,N/C,,,,,,
547,VDD,136,,,,,
548,N/C,,,,,,
549,N/C,,,,,,
550,N/C,,,,,,
551,OUT[4],137,,,,,
552,N/C,,,,,,
553,N/C,,,,,,
554,N/C,,,,,,
555,OUT[5],138,,,,,
556,N/C,,,,,,
557,N/C,,,,,,
558,N/C,,,,,,
559,N/C,,,,,,
560,OUT[6],139,,,,,
561,N/C,,,,,,
562,N/C,,,,,,
563,N/C,,,,,,
564,OUT[7],140,,,,,
565,N/C,,,,,,
566,N/C,,,,,,
567,N/C,,,,,,
568,,141,,,,,
569,N/C,,,,,,
570,N/C,,,,,,
571,N/C,,,,,,
572,N/C,,,,,,
573,,142,,,,,
574,N/C,,,,,,
575,N/C,,,,,,
576,N/C,,,,,,
577,,143,,,,,
578,N/C,,,,,,
579,N/C,,,,,,
580,N/C,,,,,,
581,,144,,,,,
582,N/C,,,,,,
583,N/C,,,,,,
584,N/C,,,,,,
585,N/C,,,,,,
586,VSS0,145,,,,,
587,N/C,,,,,,
588,N/C,,,,,,
589,N/C,,,,,,
590,VDD0,146,,,,,
591,N/C,,,,,,
592,N/C,,,,,,
593,N/C,,,,,,
594,,147,,,,,
595,N/C,,,,,,
596,N/C,,,,,,
597,N/C,,,,,,
598,N/C,,,,,,
599,,148,,,,,
600,N/C,,,,,,
601,N/C,,,,,,
602,N/C,,,,,,
603,,149,,,,,
604,N/C,,,,,,
605,N/C,,,,,,
606,N/C,,,,,,
607,,150,,,,,
608,N/C,,,,,,
609,N/C,,,,,,
610,N/C,,,,,,
611,N/C,,,,,,
612,,151,,,,,
613,N/C,,,,,,
614,N/C,,,,,,
615,N/C,,,,,,
616,,152,,,,,
617,N/C,,,,,,
618,N/C,,,,,,
619,N/C,,,,,,
620,,153,,,,,
621,N/C,,,,,,
622,N/C,,,,,,
623,,154,,,,,
624,N/C,,,,,,
625,VSS,155,,,,,
626,N/C,,,,,,
627,VDD,156,,,,,
628,VDD0,157,,,,,
629,N/C,,,,,,
630,VSS0,158,,,,,
631,N/C,,,,,,
632,,159,,,,,
633,N/C,,,,,,
634,N/C,,,,,,
635,,160,,,,,
636,N/C,,,,,,
637,N/C,,,,,,
638,N/C,,,,,,
639,,161,,,,,
640,N/C,,,,,,
641,N/C,,,,,,
642,N/C,,,,,,
643,,162,,,,,
644,N/C,,,,,,
645,N/C,,,,,,
646,N/C,,,,,,
647,N/C,,,,,,
648,,163,,,,,
649,N/C,,,,,,
650,N/C,,,,,,
651,N/C,,,,,,
652,,164,,,,,
653,N/C,,,,,,
654,N/C,,,,,,
655,N/C,,,,,,
656,,165,,,,,
657,N/C,,,,,,
658,N/C,,,,,,
659,N/C,,,,,,
660,N/C,,,,,,
661,,166,,,,,
662,N/C,,,,,,
663,N/C,,,,,,
664,N/C,,,,,,
665,VDD,167,,,,,
666,N/C,,,,,,
667,N/C,,,,,,
668,N/C,,,,,,
669,VSS,168,,,,,
670,N/C,,,,,,
671,N/C,,,,,,
672,N/C,,,,,,
673,N/C,,,,,,
674,,169,,,,,
675,N/C,,,,,,
676,N/C,,,,,,
677,N/C,,,,,,
678,,170,,,,,
679,N/C,,,,,,
680,N/C,,,,,,
681,N/C,,,,,,
682,,171,,,,,
683,N/C,,,,,,
684,N/C,,,,,,
685,N/C,,,,,,
686,N/C,,,,,,
687,,172,,,,,
688,N/C,,,,,,
689,N/C,,,,,,
690,N/C,,,,,,
691,,173,,,,,
692,N/C,,,,,,
693,N/C,,,,,,
694,N/C,,,,,,
695,,174,,,,,
696,N/C,,,,,,
697,N/C,,,,,,
698,N/C,,,,,,
699,N/C,,,,,,
700,,175,,,,,
701,N/C,,,,,,
702,N/C,,,,,,
703,N/C,,,,,,
704,,176,,,,,
705,N/C,,,,,,
706,N/C,,,,,,
707,N/C,,,,,,
708,VDD0,177,,,,,
709,N/C,,,,,,
710,N/C,,,,,,
711,N/C,,,,,,
712,N/C,,,,,,
713,VSS0,178,,,,,
714,N/C,,,,,,
715,N/C,,,,,,
716,N/C,,,,,,
717,N/C,179,,,,,
718,N/C,,,,,,
719,N/C,,,,,,
720,N/C,,,,,,
721,,180,,,,,
722,N/C,,,,,,
723,N/C,,,,,,
724,N/C,,,,,,
725,N/C,,,,,,
726,,181,,,,,
727,N/C,,,,,,
728,N/C,,,,,,
729,N/C,,,,,,
730,,182,,,,,
731,N/C,,,,,,
732,N/C,,,,,,
733,N/C,,,,,,
734,,183,,,,,
735,N/C,,,,,,
736,N/C,,,,,,
737,N/C,,,,,,
738,,184,,,,,
739,N/C,,,,,,
740,N/C,,,,,,
741,N/C,,,,,,
742,N/C,,,,,,
743,,185,,,,,
744,N/C,,,,,,
745,N/C,,,,,,
746,N/C,,,,,,
747,,186,,,,,
748,N/C,,,,,,
749,N/C,,,,,,
750,N/C,,,,,,
751,VSS,187,,,,,
752,N/C,,,,,,
753,N/C,,,,,,
754,N/C,,,,,,
755,N/C,,,,,,
756,VDD,188,,,,,
757,N/C,,,,,,
758,N/C,,,,,,
759,N/C,,,,,,
760,,189,,,,,
761,N/C,,,,,,
762,N/C,,,,,,
763,N/C,,,,,,
764,,190,,,,,
765,N/C,,,,,,
766,N/C,,,,,,
767,N/C,,,,,,
768,N/C,,,,,,
769,,191,,,,,
770,N/C,,,,,,
771,N/C,,,,,,
772,N/C,,,,,,
773,,192,,,,,
774,N/C,,,,,,
775,N/C,,,,,,
776,N/C,,,,,,
777,,193,,,,,
778,N/C,,,,,,
779,N/C,,,,,,
780,N/C,,,,,,
781,N/C,,,,,,
782,,194,,,,,
783,N/C,,,,,,
784,N/C,,,,,,
785,N/C,,,,,,
786,,195,,,,,
787,N/C,,,,,,
788,N/C,,,,,,
789,N/C,,,,,,
790,,196,,,,,
791,N/C,,,,,,
792,N/C,,,,,,
793,N/C,,,,,,
794,N/C,,,,,,
795,VSS0,197,,,,,
796,N/C,,,,,,
797,N/C,,,,,,
798,N/C,,,,,,
799,VDD0,198,,,,,
800,N/C,,,,,,
801,N/C,,,,,,
802,N/C,,,,,,
803,,199,,,,,
804,N/C,,,,,,
805,N/C,,,,,,
806,N/C,,,,,,
807,N/C,,,,,,
808,,200,,,,,
809,N/C,,,,,,
810,N/C,,,,,,
811,N/C,,,,,,
812,,201,,,,,
813,N/C,,,,,,
814,N/C,,,,,,
815,N/C,,,,,,
816,,202,,,,,
817,N/C,,,,,,
818,N/C,,,,,,
819,N/C,,,,,,
820,N/C,,,,,,
821,,203,,,,,
822,N/C,,,,,,
823,N/C,,,,,,
824,N/C,,,,,,
825,,204,,,,,
826,N/C,,,,,,
827,N/C,,,,,,
828,N/C,,,,,,
829,,205,,,,,
830,N/C,,,,,,
831,N/C,,,,,,
832,,206,,,,,
833,N/C,,,,,,
834,VSS,207,,,,,
835,N/C,,,,,,
836,VDD,208,,,,,
